method,attack,class_name,mean_acc_pct,sd_acc_pct,n_seeds
AttackDRO++,cw_l2,airplane,75.06,0.9762171889492632,5
AttackDRO++,cw_l2,automobile,85.6,0.3391164991562666,5
AttackDRO++,cw_l2,bird,52.3,1.2629330940315087,5
AttackDRO++,cw_l2,cat,36.56,1.5126136320951244,5
AttackDRO++,cw_l2,deer,53.220000000000006,1.3217412757419662,5
AttackDRO++,cw_l2,dog,55.220000000000006,0.43243496620878874,5
AttackDRO++,cw_l2,frog,74.82000000000001,1.0663020210053105,5
AttackDRO++,cw_l2,horse,78.0,0.5612486080160921,5
AttackDRO++,cw_l2,ship,85.58,0.5932958789676557,5
AttackDRO++,cw_l2,truck,81.38,0.4969909455915631,5
AttackDRO++,ddn_l2,airplane,72.84,1.0968135666557033,5
AttackDRO++,ddn_l2,automobile,84.4,0.3535533905932761,5
AttackDRO++,ddn_l2,bird,52.14,1.0261578825892235,5
AttackDRO++,ddn_l2,cat,37.46,0.8502940667792538,5
AttackDRO++,ddn_l2,deer,53.760000000000005,0.9181503144910452,5
AttackDRO++,ddn_l2,dog,54.92,0.7596051605933182,5
AttackDRO++,ddn_l2,frog,74.88,1.1166915420114891,5
AttackDRO++,ddn_l2,horse,77.3,0.6041522986797304,5
AttackDRO++,ddn_l2,ship,84.0,0.7106335201775964,5
AttackDRO++,ddn_l2,truck,79.78,0.6534523701081794,5
AttackDRO++,deepfool_l2,airplane,74.38,0.7429670248402661,5
AttackDRO++,deepfool_l2,automobile,85.22,0.3492849839314532,5
AttackDRO++,deepfool_l2,bird,53.4,1.3209844813622909,5
AttackDRO++,deepfool_l2,cat,37.3,1.471393896956217,5
AttackDRO++,deepfool_l2,deer,54.14000000000001,1.145862120850502,5
AttackDRO++,deepfool_l2,dog,55.46,0.5176871642217881,5
AttackDRO++,deepfool_l2,frog,75.08,1.0449880382090515,5
AttackDRO++,deepfool_l2,horse,77.9,0.7245688373094675,5
AttackDRO++,deepfool_l2,ship,84.97999999999999,0.9909591313470024,5
AttackDRO++,deepfool_l2,truck,80.84,0.6188699378706324,5
AttackDRO++,fgsm_rs,airplane,76.05999999999999,0.7127411872482194,5
AttackDRO++,fgsm_rs,automobile,85.67999999999999,0.21679483388679124,5
AttackDRO++,fgsm_rs,bird,53.44,1.3126309458488357,5
AttackDRO++,fgsm_rs,cat,39.62,1.6858232410309189,5
AttackDRO++,fgsm_rs,deer,56.7,0.5744562646538003,5
AttackDRO++,fgsm_rs,dog,56.4,0.36742346141747456,5
AttackDRO++,fgsm_rs,frog,76.58,0.9391485505499083,5
AttackDRO++,fgsm_rs,horse,77.74000000000001,0.687749954561974,5
AttackDRO++,fgsm_rs,ship,85.42,0.782304288624319,5
AttackDRO++,fgsm_rs,truck,81.42,0.4438468204234326,5
AttackDRO++,mifgsm,airplane,56.480000000000004,1.5238110119040338,5
AttackDRO++,mifgsm,automobile,68.88,0.8955445270895185,5
AttackDRO++,mifgsm,bird,31.339999999999996,0.5319774431308133,5
AttackDRO++,mifgsm,cat,18.04,1.1970797801316337,5
AttackDRO++,mifgsm,deer,27.1,1.0488088481701527,5
AttackDRO++,mifgsm,dog,36.739999999999995,1.1970797801316333,5
AttackDRO++,mifgsm,frog,49.7,1.716100230173051,5
AttackDRO++,mifgsm,horse,60.120000000000005,0.8955445270895274,5
AttackDRO++,mifgsm,ship,64.8,0.7615773105863942,5
AttackDRO++,mifgsm,truck,61.64,0.9126883367283711,5
AttackDRO++,pgd20_ce,airplane,54.620000000000005,1.6269603560013388,5
AttackDRO++,pgd20_ce,automobile,67.32000000000001,0.6379655163094653,5
AttackDRO++,pgd20_ce,bird,29.18,0.5215361924162131,5
AttackDRO++,pgd20_ce,cat,15.819999999999999,0.7563068160475618,5
AttackDRO++,pgd20_ce,deer,23.259999999999998,1.045466403094808,5
AttackDRO++,pgd20_ce,dog,35.2,1.2980754985747172,5
AttackDRO++,pgd20_ce,frog,46.739999999999995,1.90341797826962,5
AttackDRO++,pgd20_ce,horse,57.779999999999994,0.622093240599834,5
AttackDRO++,pgd20_ce,ship,62.120000000000005,0.5761944116355182,5
AttackDRO++,pgd20_ce,truck,59.17999999999999,1.175584960774849,5
AttackDRO++,pgd_l2,airplane,75.32000000000001,0.7563068160475661,5
AttackDRO++,pgd_l2,automobile,85.92,0.26832815729997667,5
AttackDRO++,pgd_l2,bird,54.6,1.6077935190813506,5
AttackDRO++,pgd_l2,cat,41.42,1.0425929215182703,5
AttackDRO++,pgd_l2,deer,58.64,0.8173126696681041,5
AttackDRO++,pgd_l2,dog,57.239999999999995,0.403732584763731,5
AttackDRO++,pgd_l2,frog,77.32000000000001,0.7429670248402711,5
AttackDRO++,pgd_l2,horse,78.74000000000001,0.6066300355241256,5
AttackDRO++,pgd_l2,ship,86.24,0.6348228099241551,5
AttackDRO++,pgd_l2,truck,81.64,0.3577708763999613,5
AttackDRO++,tpgd,airplane,74.38,0.8584870412533931,5
AttackDRO++,tpgd,automobile,83.42,0.40865633483404956,5
AttackDRO++,tpgd,bird,56.36,1.1928956366757306,5
AttackDRO++,tpgd,cat,39.68,0.5357238094391542,5
AttackDRO++,tpgd,deer,52.94000000000001,0.5727128425310558,5
AttackDRO++,tpgd,dog,58.760000000000005,1.831119875922927,5
AttackDRO++,tpgd,frog,71.44,0.5770615218501423,5
AttackDRO++,tpgd,horse,76.2,1.1575836902790244,5
AttackDRO++,tpgd,ship,79.78,1.6724233913695308,5
AttackDRO++,tpgd,truck,77.56,1.6486357996840935,5
DDN-AT,cw_l2,airplane,76.08,1.478850905263957,5
DDN-AT,cw_l2,automobile,85.44,1.5372052563011873,5
DDN-AT,cw_l2,bird,57.42,1.6115210206509885,5
DDN-AT,cw_l2,cat,42.519999999999996,2.950762613291689,5
DDN-AT,cw_l2,deer,60.94,1.0430723848324235,5
DDN-AT,cw_l2,dog,54.760000000000005,3.1349641146271496,5
DDN-AT,cw_l2,frog,76.36,1.671227094083865,5
DDN-AT,cw_l2,horse,78.72,0.5019960159204525,5
DDN-AT,cw_l2,ship,84.53999999999999,1.2660963628413093,5
DDN-AT,cw_l2,truck,82.28,1.3103434664239693,5
DDN-AT,ddn_l2,airplane,72.7,1.8560711193270623,5
DDN-AT,ddn_l2,automobile,82.5,1.721917535772254,5
DDN-AT,ddn_l2,bird,52.98,1.1606032913963336,5
DDN-AT,ddn_l2,cat,38.0,2.63343881645274,5
DDN-AT,ddn_l2,deer,54.56,1.1480418110852928,5
DDN-AT,ddn_l2,dog,51.239999999999995,3.384228124698453,5
DDN-AT,ddn_l2,frog,72.4,1.7131841699011774,5
DDN-AT,ddn_l2,horse,75.82000000000001,0.6016643582596535,5
DDN-AT,ddn_l2,ship,81.2,1.254990039801106,5
DDN-AT,ddn_l2,truck,79.24000000000001,0.8848728722251578,5
DDN-AT,deepfool_l2,airplane,74.5,1.5149257407543144,5
DDN-AT,deepfool_l2,automobile,83.38,1.7796066981218106,5
DDN-AT,deepfool_l2,bird,55.839999999999996,1.1970797801316313,5
DDN-AT,deepfool_l2,cat,41.86,2.4562166028263883,5
DDN-AT,deepfool_l2,deer,58.160000000000004,1.4943225890014458,5
DDN-AT,deepfool_l2,dog,54.36,3.579525108167279,5
DDN-AT,deepfool_l2,frog,74.12,1.495660389259545,5
DDN-AT,deepfool_l2,horse,77.26,0.5594640292279708,5
DDN-AT,deepfool_l2,ship,82.91999999999999,1.23571841452655,5
DDN-AT,deepfool_l2,truck,80.66,1.0139033484509201,5
DDN-AT,fgsm_rs,airplane,72.08,1.863330351816347,5
DDN-AT,fgsm_rs,automobile,81.2,1.6385969608173887,5
DDN-AT,fgsm_rs,bird,50.78,1.114450537260404,5
DDN-AT,fgsm_rs,cat,36.64,2.6623298067669974,5
DDN-AT,fgsm_rs,deer,54.02,1.233693641063292,5
DDN-AT,fgsm_rs,dog,49.68,3.259907974161235,5
DDN-AT,fgsm_rs,frog,71.41999999999999,1.5466091943345026,5
DDN-AT,fgsm_rs,horse,73.36,0.6426507605223846,5
DDN-AT,fgsm_rs,ship,80.2,1.2328828005937906,5
DDN-AT,fgsm_rs,truck,77.74000000000001,1.1844830095868848,5
DDN-AT,mifgsm,airplane,40.86,2.3712865706194197,5
DDN-AT,mifgsm,automobile,52.36,1.9320973060381823,5
DDN-AT,mifgsm,bird,19.84,0.2701851217221268,5
DDN-AT,mifgsm,cat,9.2,1.2688577540449522,5
DDN-AT,mifgsm,deer,13.12,0.9257429448826495,5
DDN-AT,mifgsm,dog,19.14,2.246775467197379,5
DDN-AT,mifgsm,frog,26.02,1.0709808588392242,5
DDN-AT,mifgsm,horse,40.7,1.1335784048754636,5
DDN-AT,mifgsm,ship,41.18,2.291724241700997,5
DDN-AT,mifgsm,truck,44.12,1.1144505372604052,5
DDN-AT,pgd20_ce,airplane,35.72,2.298260211551341,5
DDN-AT,pgd20_ce,automobile,47.18,2.485357117196644,5
DDN-AT,pgd20_ce,bird,15.939999999999998,0.8820430828479978,5
DDN-AT,pgd20_ce,cat,6.720000000000001,1.0521406750050109,5
DDN-AT,pgd20_ce,deer,9.84,0.7127411872482182,5
DDN-AT,pgd20_ce,dog,15.5,2.1529050141610986,5
DDN-AT,pgd20_ce,frog,20.7,1.2649110640673518,5
DDN-AT,pgd20_ce,horse,35.54,1.0014988766843438,5
DDN-AT,pgd20_ce,ship,34.92,2.546958971008368,5
DDN-AT,pgd20_ce,truck,38.6,0.8544003745317538,5
DDN-AT,pgd_l2,airplane,75.56,1.8242806801586195,5
DDN-AT,pgd_l2,automobile,84.38,1.4788509052639525,5
DDN-AT,pgd_l2,bird,56.68000000000001,1.5352524222420216,5
DDN-AT,pgd_l2,cat,43.44,2.989648808806815,5
DDN-AT,pgd_l2,deer,60.5,1.3838352503098048,5
DDN-AT,pgd_l2,dog,54.779999999999994,2.9329166370696593,5
DDN-AT,pgd_l2,frog,76.34,1.8447222013083695,5
DDN-AT,pgd_l2,horse,78.06,0.6268971207462962,5
DDN-AT,pgd_l2,ship,83.85999999999999,1.1013627921806677,5
DDN-AT,pgd_l2,truck,81.5,0.8336666000266432,5
DDN-AT,tpgd,airplane,66.8,2.387467277262661,5
DDN-AT,tpgd,automobile,73.5,1.988718180135142,5
DDN-AT,tpgd,bird,52.54,0.844393273303382,5
DDN-AT,tpgd,cat,37.339999999999996,2.0317480158720476,5
DDN-AT,tpgd,deer,50.62,1.7935997323817847,5
DDN-AT,tpgd,dog,50.980000000000004,2.2554378732299445,5
DDN-AT,tpgd,frog,61.1,1.2328828005937957,5
DDN-AT,tpgd,horse,67.76,0.6188699378706327,5
DDN-AT,tpgd,ship,67.42,1.4771594362153295,5
DDN-AT,tpgd,truck,67.9,1.8947295321496356,5
Multi-AT,cw_l2,airplane,74.0,0.8124038404635987,5
Multi-AT,cw_l2,automobile,84.88,1.1233877335986888,5
Multi-AT,cw_l2,bird,51.279999999999994,1.0986355173577846,5
Multi-AT,cw_l2,cat,35.760000000000005,4.798749837197181,5
Multi-AT,cw_l2,deer,52.08,1.1819475453673902,5
Multi-AT,cw_l2,dog,57.86,2.2733235581412514,5
Multi-AT,cw_l2,frog,74.38,2.963443942442646,5
Multi-AT,cw_l2,horse,77.36,0.7368853370776248,5
Multi-AT,cw_l2,ship,85.41999999999999,0.8258329128825065,5
Multi-AT,cw_l2,truck,80.58000000000001,0.7918333157931626,5
Multi-AT,ddn_l2,airplane,72.3,0.6964194138592078,5
Multi-AT,ddn_l2,automobile,83.35999999999999,1.1216059914248027,5
Multi-AT,ddn_l2,bird,51.42,1.075639344761987,5
Multi-AT,ddn_l2,cat,36.739999999999995,4.746893721161242,5
Multi-AT,ddn_l2,deer,52.67999999999999,1.4096098751072945,5
Multi-AT,ddn_l2,dog,57.339999999999996,2.034207462379387,5
Multi-AT,ddn_l2,frog,74.44,2.897067482817757,5
Multi-AT,ddn_l2,horse,76.82000000000001,0.6220932405998324,5
Multi-AT,ddn_l2,ship,83.96,0.6985699678629202,5
Multi-AT,ddn_l2,truck,79.18,0.903880523078129,5
Multi-AT,deepfool_l2,airplane,73.47999999999999,0.9121403400793149,5
Multi-AT,deepfool_l2,automobile,84.05999999999999,1.2641202474448379,5
Multi-AT,deepfool_l2,bird,51.98,1.3773162309360898,5
Multi-AT,deepfool_l2,cat,36.739999999999995,4.7783888498112,5
Multi-AT,deepfool_l2,deer,53.220000000000006,1.5023315213360886,5
Multi-AT,deepfool_l2,dog,58.08,1.8886503117305773,5
Multi-AT,deepfool_l2,frog,74.44,3.092410063364819,5
Multi-AT,deepfool_l2,horse,77.28,0.80124902496041,5
Multi-AT,deepfool_l2,ship,84.7,0.99498743710662,5
Multi-AT,deepfool_l2,truck,80.24000000000001,1.0644247272588085,5
Multi-AT,fgsm_rs,airplane,75.16,0.7503332592921635,5
Multi-AT,fgsm_rs,automobile,84.84,1.1371015785759873,5
Multi-AT,fgsm_rs,bird,52.5,1.0747092630102375,5
Multi-AT,fgsm_rs,cat,39.239999999999995,4.587809935034364,5
Multi-AT,fgsm_rs,deer,55.6,1.798610574860491,5
Multi-AT,fgsm_rs,dog,58.9,1.7421251390184316,5
Multi-AT,fgsm_rs,frog,75.67999999999999,2.4873680869545636,5
Multi-AT,fgsm_rs,horse,77.2,0.458257569495583,5
Multi-AT,fgsm_rs,ship,85.2,0.997496867162998,5
Multi-AT,fgsm_rs,truck,80.97999999999999,0.9148770409186092,5
Multi-AT,mifgsm,airplane,56.02,0.9176055797563529,5
Multi-AT,mifgsm,automobile,68.12,0.9884331034521215,5
Multi-AT,mifgsm,bird,30.74,1.2700393694685215,5
Multi-AT,mifgsm,cat,17.419999999999998,2.618587405453558,5
Multi-AT,mifgsm,deer,26.76,1.390323703315167,5
Multi-AT,mifgsm,dog,38.5,1.9962464777677114,5
Multi-AT,mifgsm,frog,49.279999999999994,3.473039015041441,5
Multi-AT,mifgsm,horse,59.120000000000005,0.8228000972289665,5
Multi-AT,mifgsm,ship,66.1,1.9710403344427017,5
Multi-AT,mifgsm,truck,61.3,1.9634153916071866,5
Multi-AT,pgd20_ce,airplane,54.339999999999996,1.0089598604503578,5
Multi-AT,pgd20_ce,automobile,66.98,0.8105553651663812,5
Multi-AT,pgd20_ce,bird,29.080000000000002,1.1649034294738763,5
Multi-AT,pgd20_ce,cat,15.120000000000001,2.1580083410404143,5
Multi-AT,pgd20_ce,deer,23.46,1.0968135666557006,5
Multi-AT,pgd20_ce,dog,36.62,2.0596116138728675,5
Multi-AT,pgd20_ce,frog,46.54,3.1341665558805247,5
Multi-AT,pgd20_ce,horse,57.32000000000001,0.9257429448826469,5
Multi-AT,pgd20_ce,ship,63.379999999999995,2.2264321233758775,5
Multi-AT,pgd20_ce,truck,58.839999999999996,1.361249426078848,5
Multi-AT,pgd_l2,airplane,74.84,0.6348228099241569,5
Multi-AT,pgd_l2,automobile,85.22,0.9284395510748146,5
Multi-AT,pgd_l2,bird,53.94000000000001,1.6831518053936805,5
Multi-AT,pgd_l2,cat,40.08,4.589880172727824,5
Multi-AT,pgd_l2,deer,56.94,1.4223220451079261,5
Multi-AT,pgd_l2,dog,59.4,2.220360331117452,5
Multi-AT,pgd_l2,frog,76.4,2.456623699307653,5
Multi-AT,pgd_l2,horse,78.36,0.7987490219086395,5
Multi-AT,pgd_l2,ship,86.02000000000001,0.7854934754662154,5
Multi-AT,pgd_l2,truck,81.0,1.0816653826391933,5
Multi-AT,tpgd,airplane,73.64,0.6949820141557587,5
Multi-AT,tpgd,automobile,82.78,0.5585696017507581,5
Multi-AT,tpgd,bird,55.92,1.7782013384316189,5
Multi-AT,tpgd,cat,39.0,4.014349262333809,5
Multi-AT,tpgd,deer,53.34000000000001,1.839293342563935,5
Multi-AT,tpgd,dog,60.4,1.5033296378372893,5
Multi-AT,tpgd,frog,72.11999999999999,2.2509997778764936,5
Multi-AT,tpgd,horse,76.18,0.27748873851023126,5
Multi-AT,tpgd,ship,79.54,1.4010710188994682,5
Multi-AT,tpgd,truck,76.66,0.33615472627943194,5
PGD-AT,cw_l2,airplane,69.24,1.9565275362232948,5
PGD-AT,cw_l2,automobile,83.6,1.5132745950421613,5
PGD-AT,cw_l2,bird,45.339999999999996,1.569394787808342,5
PGD-AT,cw_l2,cat,29.82,2.541062769787475,5
PGD-AT,cw_l2,deer,41.959999999999994,3.0113120064184664,5
PGD-AT,cw_l2,dog,50.8,2.7175356483402395,5
PGD-AT,cw_l2,frog,71.62,0.8757853618324533,5
PGD-AT,cw_l2,horse,75.16,1.5274161188098045,5
PGD-AT,cw_l2,ship,81.82,2.2398660674245656,5
PGD-AT,cw_l2,truck,76.36,2.034207462379395,5
PGD-AT,ddn_l2,airplane,65.64,1.8049930747789629,5
PGD-AT,ddn_l2,automobile,80.88,1.6053037095826994,5
PGD-AT,ddn_l2,bird,44.339999999999996,1.5109599597606798,5
PGD-AT,ddn_l2,cat,29.620000000000005,3.047457957052074,5
PGD-AT,ddn_l2,deer,42.72,2.9482198018465335,5
PGD-AT,ddn_l2,dog,48.28,2.586890024720804,5
PGD-AT,ddn_l2,frog,71.05999999999999,0.7797435475847131,5
PGD-AT,ddn_l2,horse,73.72,1.4184498581197662,5
PGD-AT,ddn_l2,ship,77.02000000000001,2.4651571957990868,5
PGD-AT,ddn_l2,truck,73.3,1.7044060549059343,5
PGD-AT,deepfool_l2,airplane,69.52,1.9331321734428792,5
PGD-AT,deepfool_l2,automobile,83.16,1.781291666179351,5
PGD-AT,deepfool_l2,bird,46.019999999999996,2.1463923220138486,5
PGD-AT,deepfool_l2,cat,29.639999999999997,2.274423003752821,5
PGD-AT,deepfool_l2,deer,41.08,4.203807797699602,5
PGD-AT,deepfool_l2,dog,50.34,2.6292584505902044,5
PGD-AT,deepfool_l2,frog,72.5,0.768114574786864,5
PGD-AT,deepfool_l2,horse,75.22,1.235718414526539,5
PGD-AT,deepfool_l2,ship,81.5,1.8828170383762728,5
PGD-AT,deepfool_l2,truck,75.97999999999999,1.588080602488424,5
PGD-AT,fgsm_rs,airplane,74.86,1.527416118809805,5
PGD-AT,fgsm_rs,automobile,86.66,1.1802542099056408,5
PGD-AT,fgsm_rs,bird,50.32,1.158447236605967,5
PGD-AT,fgsm_rs,cat,38.32,2.309112383579457,5
PGD-AT,fgsm_rs,deer,52.96,2.93649450876381,5
PGD-AT,fgsm_rs,dog,55.739999999999995,3.231563089280478,5
PGD-AT,fgsm_rs,frog,77.76,0.7861297602813422,5
PGD-AT,fgsm_rs,horse,77.82000000000001,1.380941707676323,5
PGD-AT,fgsm_rs,ship,85.58,1.360882066896324,5
PGD-AT,fgsm_rs,truck,79.88000000000001,1.7569860557215613,5
PGD-AT,mifgsm,airplane,59.32000000000001,2.305862094748946,5
PGD-AT,mifgsm,automobile,73.86,1.0807404868884982,5
PGD-AT,mifgsm,bird,34.04,1.5614096195425484,5
PGD-AT,mifgsm,cat,21.8,2.289104628451919,5
PGD-AT,mifgsm,deer,30.360000000000003,1.7429859437184203,5
PGD-AT,mifgsm,dog,40.22,1.9778776504121791,5
PGD-AT,mifgsm,frog,57.44,1.0237187113655795,5
PGD-AT,mifgsm,horse,63.58,1.1031772296417275,5
PGD-AT,mifgsm,ship,67.64,2.0935615586841463,5
PGD-AT,mifgsm,truck,62.82000000000001,2.012958022413783,5
PGD-AT,pgd20_ce,airplane,58.0,2.2792542640082982,5
PGD-AT,pgd20_ce,automobile,72.82000000000001,1.302689525558568,5
PGD-AT,pgd20_ce,bird,32.739999999999995,1.7572706109191043,5
PGD-AT,pgd20_ce,cat,20.14,2.345847394866087,5
PGD-AT,pgd20_ce,deer,27.860000000000003,1.5436968614336168,5
PGD-AT,pgd20_ce,dog,39.12,1.9841874911408972,5
PGD-AT,pgd20_ce,frog,55.0,1.113552872566009,5
PGD-AT,pgd20_ce,horse,62.3,1.1247221879201985,5
PGD-AT,pgd20_ce,ship,65.8,2.4758836806279914,5
PGD-AT,pgd20_ce,truck,61.02,2.082546518087894,5
PGD-AT,pgd_l2,airplane,69.64,1.9578048932414065,5
PGD-AT,pgd_l2,automobile,83.24,1.4293355099485865,5
PGD-AT,pgd_l2,bird,47.62,1.1945710527214362,5
PGD-AT,pgd_l2,cat,34.2,2.5049950099750706,5
PGD-AT,pgd_l2,deer,48.22,3.369272918598313,5
PGD-AT,pgd_l2,dog,51.3,2.6448062310876366,5
PGD-AT,pgd_l2,frog,74.3,0.43588989435406916,5
PGD-AT,pgd_l2,horse,75.72,1.2029131306956393,5
PGD-AT,pgd_l2,ship,82.2,1.481553239002903,5
PGD-AT,pgd_l2,truck,76.26,1.714059508885265,5
PGD-AT,tpgd,airplane,75.68,1.3754999091239526,5
PGD-AT,tpgd,automobile,85.58,0.6610597552415318,5
PGD-AT,tpgd,bird,56.64,1.6562004709575489,5
PGD-AT,tpgd,cat,40.7,1.467991825590321,5
PGD-AT,tpgd,deer,51.7,2.5455844122715723,5
PGD-AT,tpgd,dog,58.92,1.9791412279066865,5
PGD-AT,tpgd,frog,75.76,0.6426507605223829,5
PGD-AT,tpgd,horse,78.14,0.7635443667528427,5
PGD-AT,tpgd,ship,81.38,1.3535139452550875,5
PGD-AT,tpgd,truck,77.86,1.6272676485446436,5
